cms_certification_num,name,address,city,state,zip5,beds,phone_number,homepage_url,chargemaster_url,last_edited_by_username
501317,COLUMBIA BASIN HOSPITAL,200 NAT WASHINGTON WAY,EPHRATA,WA,98823,28,5097544631,,,
501318,OTHELLO COMMUNITY HOSPITAL,315 NORTH 14TH AVENUE,OTHELLO,WA,99344,49,5094882636,,,
501319,ARBOR HEALTH MORTON HOSPITAL,521 ADAMS STREET,MORTON,WA,98356,31,3604965112,,,
501321,NORTH VALLEY HOSPITAL,203 SOUTH WESTERN,TONASKET,WA,98855,85,5094862151,,,
501322,FERRY COUNTY MEMORIAL HOSPITAL,36 KLONDIKE ROAD,REPUBLIC,WA,99166,25,5097753333,,,
501323,JEFFERSON HEALTHCARE,834 SHERIDAN STREET,PORT TOWNSEND,WA,98368,25,3603852200,,,
501324,THREE RIVERS HOSPITAL,507 HOSPITAL WAY,BREWSTER,WA,98812,43,5096892517,,,
501326,PROVIDENCE MOUNT CARMEL HOSPITAL,982 EAST COLUMBIA,COLVILLE,WA,99114,25,5096842561,,,
501327,WHITMAN HOSPITAL AND MEDICAL CENTER,1200 WEST FAIRVIEW,COLFAX,WA,99111,25,5093973435,,,
501328,MID VALLEY HOSPITAL,810 JASMINE STREET,OMAK,WA,98841,25,5098261760,,,
501331,PULLMAN REGIONAL HOSPITAL,835 S BISHOP BLVD,PULLMAN,WA,99163,25,5093322541,,,
501332,TRI-STATE MEMORIAL HOSPITAL,1221 HIGHLAND AVENUE,CLARKSTON,WA,99403,25,5097585511,,,
501333,KITTITAS VALLEY COMMUNITY HOSPITAL,603 SOUTH CHESTNUT,ELLENSBURG,WA,98926,25,5099629841,,,
501334,LAKE CHELAN COMMUNITY HOSPITAL,503 EAST HIGHLAND,CHELAN,WA,98816,25,5096823300,,,
501335,ST ELIZABETH HOSPITAL,1450 BATTERSBY AVENUE,ENUMCLAW,WA,98022,25,3608252505,,,
501336,MASON GENERAL HOSPITAL & FAMILY OF CLINICS,901 MT VIEW DRIVE,SHELTON,WA,98584,25,3604261611,,,
501337,LOURDES MEDICAL CENTER,520 N FOURTH AVENUE,PASCO,WA,99301,35,5095462278,,,
501338,SNOQUALMIE VALLEY HOSPITAL,9801 FRONTIER AVE SE,SNOQUALMIE,WA,98065,25,4258312300,,,
501339,WHIDBEYHEALTH MEDICAL CENTER,101 NORTH MAIN STREET,COUPEVILLE,WA,98239,51,3606785151,,,
501992,SUNRISE HAVEN,PO BOX 6057  24423 100TH AVENUE SOUTH,KENT,WA,98064,8,2538132096,,,
502001,REGIONAL HOSPITAL FOR RESPIRATORY AND COMPLEX CARE,16251 SYLVESTER SW ROAD,BURIEN,WA,98166,40,2062484548,,,
502002,KINDRED HOSPITAL-SEATTLE,10631 8TH AVE NE,SEATTLE,WA,98125,80,2063642050,,,
503025,ST LUKES REHABILITATION INSTITUTE,711 SOUTH COWLEY ST,SPOKANE,WA,99202,102,5094736000,,,
503026,CHI FRANCISCAN REHABILITATION HOSPITAL,815 S VASSAULT ST,TACOMA,WA,98465,60,2534443320,,,
503300,SEATTLE CHILDREN'S HOSPITAL,"4800 SAND POINT WAY NE, PO BOX C-5371",SEATTLE,WA,98105,250,2069872000,,,
504002,BHC FAIRFAX HOSPITAL,10200 NE 132ND ST,KIRKLAND,WA,98034,133,4258212000,,,
504004,EASTERN STATE HOSPITAL,850 MAPLE STREET - P O BOX  A,MEDICAL LAKE,WA,99022,287,5095654000,,,
504008,LOURDES COUNSELING CENTER,1175 CARONDELET DRIVE,RICHLAND,WA,99352,32,5099439104,,,
504011,CASCADE BEHAVIORAL HOSPITAL,12844 MILITARY ROAD SOUTH,TUKWILA,WA,98168,135,2062440180,,,
504012,SMOKEY POINT BEHAVIORAL HOSPITAL,3955 156TH ST NE,MARYSVILLE,WA,98271,115,2122435565,,,
504013,RAINIER SPRINGS,2805 NE 129TH ST,VANCOUVER,WA,98686,59,3603561890,,,
504014,INLAND NORTHWEST BEHAVIORAL HEALTH,104 W 5TH AVE,SPOKANE,WA,99204,100,4258212000,,,
504015,SOUTH SOUND BEHAVIORAL HOSPITAL,605 WOODLAND SQUARE LOOP SE,LACEY,WA,98503,108,3600000000,,,
500002,PROVIDENCE ST MARY MEDICAL CENTER,401 W POPLAR ST,WALLA WALLA,WA,99362,146,5095225900,,,
500003,SKAGIT VALLEY HOSPITAL,1415 KINCAID STREET,MOUNT VERNON,WA,98274,234,3604244111,,,
500007,ISLAND HOSPITAL,1211  24TH STREET,ANACORTES,WA,98221,43,3602991300,,,
500008,UNIVERSITY OF WASHINGTON MEDICAL CTR,1959 NE PACIFIC ST  BOX 356151,SEATTLE,WA,98195,450,2065983300,,,
500011,ST ANNE HOSPITAL,16251 SYLVESTER ROAD SW,BURIEN,WA,98166,279,2062449970,,,
500012,ASTRIA REGIONAL MEDICAL CENTER,110 SOUTH NINTH AVE,YAKIMA,WA,98902,125,5095755102,,,
500014,PROVIDENCE REGIONAL MEDICAL CENTER EVERETT,1321 COLBY AVENUE,EVERETT,WA,98201,268,4252612000,,,
500016,CENTRAL WASHINGTON HOSPITAL,1201 SOUTH MILLER STREET,WENATCHEE,WA,98807,198,5096621511,,,
500019,PROVIDENCE CENTRALIA HOSPITAL,914 S SCHEUBER ROAD,CENTRALIA,WA,98531,191,3607362803,,,
500021,ST CLARE HOSPITAL,11315 BRIDGEPORT WAY S W,LAKEWOOD,WA,98499,105,2535881711,,,
500024,PROVIDENCE ST PETER HOSPITAL,413 LILLY ROAD NE,OLYMPIA,WA,98506,340,3604919480,,,
500025,SWEDISH MEDICAL CENTER / CHERRY HILL,500 17TH AVENUE,SEATTLE,WA,98122,376,2063202000,,,
500026,SWEDISH EDMONDS HOSPITAL,21601 76TH AVENUE WEST,EDMONDS,WA,98026,217,4256404000,,,
500027,SWEDISH MEDICAL CENTER,747 BROADWAY,SEATTLE,WA,98122,697,2063866000,,,
500030,ST JOSEPH HOSPITAL,2901 SQUALICUM PARKWAY,BELLINGHAM,WA,98225,253,3607345400,,,
500031,GRAYS HARBOR COMMUNITY HOSPITAL,915 ANDERSON DRIVE,ABERDEEN,WA,98520,70,3605328330,,,
500033,SAMARITAN HOSPITAL,801 EAST WHEELER ROAD,MOSES LAKE,WA,98837,50,5097655606,,,
500036,VIRGINIA MASON MEMORIAL,2811 TIETON DRIVE,YAKIMA,WA,98902,218,5095758000,,,
500039,HARRISON MEMORIAL HOSPITAL,2520 CHERRY AVENUE,BREMERTON,WA,98310,297,3603773911,,,
500044,MULTICARE DEACONESS HOSPITAL,W 800 FIFTH AVENUE,SPOKANE,WA,99210,388,5094735800,,,
500051,OVERLAKE HOSPITAL MEDICAL CENTER,1035-116TH AVE NE,BELLEVUE,WA,98004,218,4256885000,,,
500053,TRIOS,900 SOUTH AUBURN STREET,KENNEWICK,WA,99336,71,5095866111,,,
500054,PROV SACRED HRT MED CTR & CHILDS HOSP.,101 WEST 8TH AVENUE,SPOKANE,WA,99204,615,5094743040,,,
500058,KADLEC REGIONAL MEDICAL CENTER,888 SWIFT BLVD,RICHLAND,WA,99352,141,5099464611,,,
500060,CASCADE VALLEY HOSPITAL,330 S STILLAGUAMISH AVE,ARLINGTON,WA,98223,48,3604352133,,,
500064,HARBORVIEW MEDICAL CENTER,325 9TH AVENUE,SEATTLE,WA,98104,413,2067313000,,,
500072,OLYMPIC MEDICAL CENTER,939 CAROLINE ST,PORT ANGELES,WA,98362,126,3604177000,,,
500077,PROVIDENCE HOLY FAMILY HOSPITAL,5633 NORTH LIDGERWOOD,SPOKANE,WA,99208,272,5094822450,,,
500079,MULTICARE GOOD SAMARITAN HOSPITAL,401 15TH AVENUE SE,PUYALLUP,WA,98372,365,2536972102,,,
500084,EVERGREENHEALTH MONROE,14701 179TH AVE SE,MONROE,WA,98272,72,3607947497,,,
500088,VALLEY MEDICAL CENTER,400 S 43RD ST,RENTON,WA,98055,303,4252283450,,,
500108,ST JOSEPH MEDICAL CENTER,1717 SOUTH J STREET,TACOMA,WA,98405,340,2536274101,,,
500119,MULTICARE VALLEY HOSPITAL,12606 EAST MISSION AVENUE,SPOKANE,WA,99216,123,5099246650,,,
500124,EVERGREENHEALTH MEDICAL CENTER,12040 NE 128TH STREET,KIRKLAND,WA,98034,318,4258991000,,,
500138,SEATTLE CANCER CARE ALLIANCE,825 EASTLAKE AVENUE EAST,SEATTLE,WA,98109,20,2066675000,,,
500141,ST FRANCIS COMMUNITY HOSPITAL,34515 9TH AVENUE SOUTH,FEDERAL WAY,WA,98003,110,2539448100,,,
500148,CONFLUENCE HEALTH- WENATCHEE VALLEY HOSP & CLINICS,820 NORTH CHELAN AVENUE,WENATCHEE,WA,98801,20,5096638711,,,
500150,LEGACY SALMON CREEK MEDICAL CENTER,2211 NE 139TH STREET,VANCOUVER,WA,98686,220,3604871000,,,
500151,ST ANTHONY HOSPITAL,11567 CANTERWOOD BOULEVARD NW,GIG HARBOR,WA,98332,80,2535302050,,,
500152,SWEDISH ISSAQUAH,751 NE BLAKELY DR,ISSAQUAH,WA,98029,120,4253134000,,,
500154,MULTICARE COVINGTON MEDICAL CENTER,17700 SE 272ND ST,COVINGTON,WA,98042,58,2533727400,,,
501302,DAYTON GENERAL HOSPITAL,1012 SOUTH 3RD STREET,DAYTON,WA,99328,25,5093822531,,,
501303,WILLAPA HARBOR HOSPITAL,800 ALDER STREET,SOUTH BEND,WA,98586,25,3608755526,,,
501304,SUMMIT PACIFIC MEDICAL CENTER-SWING BED UNIT,600 EAST MAIN STREET,ELMA,WA,98541,24,3603462222,,,
501305,LINCOLN HOSPITAL,10 NICHOLS STREET,DAVENPORT,WA,99122,25,5097257101,,,
501307,ODESSA MEMORIAL HEALTHCARE CENTER,502 E AMENDE DRIVE,ODESSA,WA,99159,25,5099822611,,,
501308,COULEE MEDICAL CENTER,411 FORTUYN ROAD,GRAND COULEE,WA,99133,48,5096331753,,,
501309,PROVIDENCE ST JOSEPH HOSPITAL,500 EAST WEBSTER,CHEWELAH,WA,99109,65,5099358211,,,
501312,PROSSER MEMORIAL HOSPITAL,723 MEMORIAL STREET,PROSSER,WA,99350,25,5097862222,,,
501313,CASCADE MEDICAL CENTER,817 COMMERCIAL STREET,LEAVENWORTH,WA,98826,12,5095485815,,,
501314,OCEAN BEACH HOSPITAL,174 FIRST AVENUE NORTH,ILWACO,WA,98624,15,3606423181,,,
501316,KLICKITAT VALLEY HOSPITAL,310 SOUTH ROOSEVELT ST,GOLDENDALE,WA,98620,25,5097734022,,,
